sourced_precinct_id,vf_precinct_id,sourced_county,vf_precinct_county,sourced_precinct_name,vf_precinct_name,sourced_precinct_number,vf_precinct_code,sourced_ward,vf_precinct_ward,vf_precinct_count,polling_location_ids
330010018,22215,ADA,ADA,1515,Ada - 1515,1515,1515,,,424,440010015
330010065,2234,ADA,ADA,1912,Ada - 1912,1912,1912,,,700,440010058
330010145,22197,ADA,ADA,1405,Ada - 1405,1405,1405,,,730,440010134
330010045,22240,ADA,ADA,1708,Ada - 1708,1708,1708,,,902,440010040
330010002,22191,ADA,ADA,1919,Ada - 1919,1919,1919,,,878,440010002
330010043,2283,ADA,ADA,1817,Ada - 1817,1817,1817,,,769,440010038
330010133,22537,ADA,ADA,2005,Ada - 2005,2005,2005,,,1029,440010123
330010128,22447,ADA,ADA,1417,Ada - 1417,1417,1417,,,685,440010118
330010007,22188,ADA,ADA,2105,Ada - 2105,2105,2105,,,495,440010006
330010058,22185,ADA,ADA,1612,Ada - 1612,1612,1612,,,598,440010053
330010039,2217,ADA,ADA,1908,Ada - 1908,1908,1908,,,527,440010034
330010004,2223,ADA,ADA,1902,Ada - 1902,1902,1902,,,754,440010003
330010119,22140,ADA,ADA,2003,Ada - 2003,2003,2003,,,741,440010109
330010105,229,ADA,ADA,1607,Ada - 1607,1607,1607,,,1059,440010095
330010038,22144,ADA,ADA,1713,Ada - 1713,1713,1713,,,955,440010033
330010111,22424,ADA,ADA,2210,Ada - 2210,2210,2210,,,1002,440010101
330010050,2282,ADA,ADA,1613,Ada - 1613,1613,1613,,,816,440010045
330010144,22562,ADA,ADA,1401,Ada - 1401,1401,1401,,,495,440010133
330010063,22158,ADA,ADA,1802,Ada - 1802,1802,1802,,,940,440010056
330010067,22120,ADA,ADA,1809,Ada - 1809,1809,1809,,,1032,440010060
330010088,2280,ADA,ADA,2006,Ada - 2006,2006,2006,,,857,440010079
330010074,22156,ADA,ADA,1903,Ada - 1903,1903,1903,,,327,440010066
330010012,2242,ADA,ADA,1916,Ada - 1916,1916,1916,,,725,440010010
330010069,2233,ADA,ADA,1906,Ada - 1906,1906,1906,,,905,440010062
330010143,22426,ADA,ADA,1404,Ada - 1404,1404,1404,,,709,440010132
330010076,22681,ADA,ADA,1904,Ada - 1904,1904,1904,,,682,440010068
330010118,22476,ADA,ADA,2001,Ada - 2001,2001,2001,,,515,440010108
330010001,2231,ADA,ADA,1701,Ada - 1701,1701,1701,,,742,440010001
330010072,22104,ADA,ADA,1905,Ada - 1905,1905,1905,,,711,440010064
330010132,22151,ADA,ADA,1418,Ada - 1418,1418,1418,,,1176,440010122
330010056,2272,ADA,ADA,1913,Ada - 1913,1913,1913,,,790,440010051
330010107,22171,ADA,ADA,1608,Ada - 1608,1608,1608,,,751,440010097
330010075,22194,ADA,ADA,1917,Ada - 1917,1917,1917,,,648,440010067
330010127,22668,ADA,ADA,2203,Ada - 2203,2203,2203,,,888,440010117
330010014,22212,ADA,ADA,1808,Ada - 1808,1808,1808,,,890,440010012
330010021,22504,ADA,ADA,2011,Ada - 2011,2011,2011,,,728,440010018
330010115,22568,ADA,ADA,2202,Ada - 2202,2202,2202,,,725,440010105
330010053,22182,ADA,ADA,1910,Ada - 1910,1910,1910,,,1181,440010048
330010077,2228,ADA,ADA,2108,Ada - 2108,2108,2108,,,631,440010069
330010054,222,ADA,ADA,1911,Ada - 1911,1911,1911,,,811,440010049
330010034,2293,ADA,ADA,1807,Ada - 1807,1807,1807,,,1079,440010029
330010027,2232,ADA,ADA,1603,Ada - 1603,1603,1603,,,1274,440010022
330010085,22127,ADA,ADA,1815,Ada - 1815,1815,1815,,,923,440010077
330010113,22561,ADA,ADA,2208,Ada - 2208,2208,2208,,,926,440010103
330010059,2227,ADA,ADA,1611,Ada - 1611,1611,1611,,,818,440010054
330010028,22443,ADA,ADA,2116,Ada - 2116,2116,2116,,,627,440010023
330010137,22611,ADA,ADA,2106,Ada - 2106,2106,2106,,,913,440010127
330010009,2262,ADA,ADA,1918,Ada - 1918,1918,1918,,,1082,440010008
330010029,22398,ADA,ADA,1816,Ada - 1816,1816,1816,,,517,440010024
330010100,22531,ADA,ADA,1408,Ada - 1408,1408,1408,,,800,440010090
330010108,22278,ADA,ADA,2207,Ada - 2207,2207,2207,,,764,440010098
330010068,22176,ADA,ADA,2104,Ada - 2104,2104,2104,,,750,440010061
330010099,22251,ADA,ADA,1406,Ada - 1406,1406,1406,,,768,440010089
330010103,22253,ADA,ADA,1403,Ada - 1403,1403,1403,,,227,440010093
330010024,22228,ADA,ADA,1602,Ada - 1602,1602,1602,,,1024,440010020
330010070,22173,ADA,ADA,1907,Ada - 1907,1907,1907,,,887,440010062
330010129,22382,ADA,ADA,2102,Ada - 2102,2102,2102,,,875,440010119
330010032,22165,ADA,ADA,1505,Ada - 1505,1505,1505,,,672,440010027
330010060,22273,ADA,ADA,1510,Ada - 1510,1510,1510,,,748,440010055
330010125,22269,ADA,ADA,2012,Ada - 2012,2012,2012,,,775,440010115
330010097,22202,ADA,ADA,1407,Ada - 1407,1407,1407,,,666,440010087
330010109,2251,ADA,ADA,2211,Ada - 2211,2211,2211,,,727,440010099
330010005,22687,ADA,ADA,1804,Ada - 1804,1804,1804,,,105,440010004
330010096,22157,ADA,ADA,1411,Ada - 1411,1411,1411,,,815,440010086
330010026,2256,ADA,ADA,1506,Ada - 1506,1506,1506,,,783,440010021
330010048,22206,ADA,ADA,2112,Ada - 2112,2112,2112,,,956,440010043
330010124,22458,ADA,ADA,1419,Ada - 1419,1419,1419,,,710,440010114
330010081,2230,ADA,ADA,1614,Ada - 1614,1614,1614,,,852,440010073
330010090,2291,ADA,ADA,1813,Ada - 1813,1813,1813,,,807,440010081
330010134,22438,ADA,ADA,2010,Ada - 2010,2010,2010,,,778,440010124
330010136,22265,ADA,ADA,2004,Ada - 2004,2004,2004,,,787,440010126
330010013,2250,ADA,ADA,1704,Ada - 1704,1704,1704,,,675,440010011
330010123,22227,ADA,ADA,2110,Ada - 2110,2110,2110,,,295,440010113
330010006,22210,ADA,ADA,2113,Ada - 2113,2113,2113,,,631,440010005
330010083,22155,ADA,ADA,1605,Ada - 1605,1605,1605,,,840,440010075
330010106,22233,ADA,ADA,1601,Ada - 1601,1601,1601,,,1099,440010096
330010003,22385,ADA,ADA,1920,Ada - 1920,1920,1920,,,386,440010002
330010130,22218,ADA,ADA,1413,Ada - 1413,1413,1413,,,707,440010120
330010015,2294,ADA,ADA,1812,Ada - 1812,1812,1812,,,841,440010012
330010044,22200,ADA,ADA,1702,Ada - 1702,1702,1702,,,843,440010039
330010061,22274,ADA,ADA,1511,Ada - 1511,1511,1511,,,627,440010055
330010126,22277,ADA,ADA,2008,Ada - 2008,2008,2008,,,1138,440010116
330010084,22500,ADA,ADA,1814,Ada - 1814,1814,1814,,,855,440010076
330010047,22193,ADA,ADA,1615,Ada - 1615,1615,1615,,,1026,440010042
330010023,22281,ADA,ADA,1604,Ada - 1604,1604,1604,,,758,440010019
330010078,2226,ADA,ADA,2114,Ada - 2114,2114,2114,,,992,440010070
330010079,22243,ADA,ADA,1709,Ada - 1709,1709,1709,,,781,440010071
330010082,22115,ADA,ADA,1508,Ada - 1508,1508,1508,,,806,440010074
330010011,22159,ADA,ADA,2109,Ada - 2109,2109,2109,,,793,440010009
330010093,22108,ADA,ADA,1805,Ada - 1805,1805,1805,,,1242,440010084
330010010,22271,ADA,ADA,1803,Ada - 1803,1803,1803,,,628,440010009
330010033,2229,ADA,ADA,1712,Ada - 1712,1712,1712,,,689,440010028
330010019,22150,ADA,ADA,2115,Ada - 2115,2115,2115,,,989,440010016
330010120,22517,ADA,ADA,2103,Ada - 2103,2103,2103,,,591,440010110
330010066,22257,ADA,ADA,1714,Ada - 1714,1714,1714,,,957,440010059
330010101,2249,ADA,ADA,1402,Ada - 1402,1402,1402,,,561,440010091
330010092,2295,ADA,ADA,1915,Ada - 1915,1915,1915,,,914,440010083
330010116,22231,ADA,ADA,2201,Ada - 2201,2201,2201,,,712,440010106
330010121,22260,ADA,ADA,1512,Ada - 1512,1512,1512,,,636,440010111
330010071,2292,ADA,ADA,1706,Ada - 1706,1706,1706,,,1020,440010063
330010062,2225,ADA,ADA,1801,Ada - 1801,1801,1801,,,670,440010056
330010025,2210,ADA,ADA,1503,Ada - 1503,1503,1503,,,713,440010021
330010131,22205,ADA,ADA,2204,Ada - 2204,2204,2204,,,917,440010121
330010095,22416,ADA,ADA,1415,Ada - 1415,1415,1415,,,652,440010085
330010098,22667,ADA,ADA,1416,Ada - 1416,1416,1416,,,692,440010088
330010112,22556,ADA,ADA,2212,Ada - 2212,2212,2212,,,622,440010102
330010046,2211,ADA,ADA,1502,Ada - 1502,1502,1502,,,922,440010041
330010008,22236,ADA,ADA,1504,Ada - 1504,1504,1504,,,1124,440010007
330010055,22138,ADA,ADA,1501,Ada - 1501,1501,1501,,,983,440010050
330010141,22524,ADA,ADA,2206,Ada - 2206,2206,2206,,,729,440010130
330010104,22563,ADA,ADA,1409,Ada - 1409,1409,1409,,,695,440010094
330010031,2296,ADA,ADA,1507,Ada - 1507,1507,1507,,,837,440010026
330010036,22203,ADA,ADA,1901,Ada - 1901,1901,1901,,,774,440010031
330010139,22229,ADA,ADA,2101,Ada - 2101,2101,2101,,,1048,440010129
330010087,22480,ADA,ADA,2002,Ada - 2002,2002,2002,,,1172,440010079
330010089,22285,ADA,ADA,1509,Ada - 1509,1509,1509,,,1250,440010080
330010041,22105,ADA,ADA,1513,Ada - 1513,1513,1513,,,648,440010036
330010020,22224,ADA,ADA,2107,Ada - 2107,2107,2107,,,617,440010017
330010142,22666,ADA,ADA,1412,Ada - 1412,1412,1412,,,261,440010131
330010122,22284,ADA,ADA,2007,Ada - 2007,2007,2007,,,870,440010112
330010042,2281,ADA,ADA,1606,Ada - 1606,1606,1606,,,823,440010037
330010040,2299,ADA,ADA,1610,Ada - 1610,1610,1610,,,1042,440010035
330010030,2214,ADA,ADA,1711,Ada - 1711,1711,1711,,,703,440010025
330010035,22195,ADA,ADA,1705,Ada - 1705,1705,1705,,,806,440010030
330010022,22672,ADA,ADA,2013,Ada - 2013,2013,2013,,,680,440010018
330010080,22400,ADA,ADA,1514,Ada - 1514,1514,1514,,,568,440010072
330010052,22153,ADA,ADA,1811,Ada - 1811,1811,1811,,,754,440010047
330010091,2288,ADA,ADA,1715,Ada - 1715,1715,1715,,,1053,440010082
330010049,22219,ADA,ADA,2111,Ada - 2111,2111,2111,,,837,440010044
330010114,22831,ADA,ADA,2213,Ada - 2213,2213,2213,,,56,440010104
330010064,2236,ADA,ADA,1703,Ada - 1703,1703,1703,,,891,440010057
330010135,22252,ADA,ADA,1414,Ada - 1414,1414,1414,,,1084,440010125
330010138,22659,ADA,ADA,2214,Ada - 2214,2214,2214,,,549,440010128
330010057,22154,ADA,ADA,1707,Ada - 1707,1707,1707,,,693,440010052
330010102,22125,ADA,ADA,1410,Ada - 1410,1410,1410,,,764,440010092
330010016,22143,ADA,ADA,1609,Ada - 1609,1609,1609,,,754,440010013
330010073,2235,ADA,ADA,1810,Ada - 1810,1810,1810,,,695,440010065
330010051,22103,ADA,ADA,1818,Ada - 1818,1818,1818,,,819,440010046
330010117,22256,ADA,ADA,2009,Ada - 2009,2009,2009,,,1381,440010107
330010110,22196,ADA,ADA,2209,Ada - 2209,2209,2209,,,733,440010100
330010094,22142,ADA,ADA,1806,Ada - 1806,1806,1806,,,858,440010084
330010037,22116,ADA,ADA,1909,Ada - 1909,1909,1909,,,874,440010032
330010017,2239,ADA,ADA,1914,Ada - 1914,1914,1914,,,800,440010014
330010086,22192,ADA,ADA,1710,Ada - 1710,1710,1710,,,550,440010078
330010140,22693,ADA,ADA,2205,Ada - 2205,2205,2205,,,402,440010130
330030005,22798,ADAMS,ADAMS,6,Adams - 006,6,6,,,32,440030005
330030002,22597,ADAMS,ADAMS,2,Adams - 002,2,2,,,325,440030002
330030003,22596,ADAMS,ADAMS,3,Adams - 003,3,3,,,419,440030003
330030001,22609,ADAMS,ADAMS,4,Adams - 004,4,4,,,22,440030001
330030004,22607,ADAMS,ADAMS,1,Adams - 001,1,1,,,114,440030004
330030006,22600,ADAMS,ADAMS,5,Adams - 005,5,5,,,526,440030006
330050050,22291,BANNOCK,BANNOCK,18,Pocatello 18,18,18,,,410,440050031
330050029,22351,BANNOCK,BANNOCK,27,Pocatello 27,27,27,,,246,440050018
330050014,22466,BANNOCK,BANNOCK,65,McCammon 65,65,65,,,446,440050009
330050048,22412,BANNOCK,BANNOCK,20,Pocatello 20,20,20,,,380,440050029
330050009,22369,BANNOCK,BANNOCK,54,Chubbuck 54,54,54,,,313,440050005
330050036,22319,BANNOCK,BANNOCK,7,Pocatello 07,7,7,,,372,440050021
330050041,22216,BANNOCK,BANNOCK,1,Pocatello 01,1,1,,,395,440050026
330050049,22451,BANNOCK,BANNOCK,57,Chubbuck 57,57,57,,,421,440050030
330050040,22415,BANNOCK,BANNOCK,9,Pocatello 09,9,9,,,366,440050025
330050045,22357,BANNOCK,BANNOCK,34,Pocatello 34,34,34,,,345,440050028
330050023,22390,BANNOCK,BANNOCK,22,Pocatello 22,22,22,,,451,440050016
330050010,22549,BANNOCK,BANNOCK,62,Downey 62,62,62,,,293,440050006
330050002,22289,BANNOCK,BANNOCK,55,Chubbuck 55,55,55,,,533,440050002
330050051,225,BANNOCK,BANNOCK,17,Pocatello 17,17,17,,,428,440050032
330050035,22440,BANNOCK,BANNOCK,8,Pocatello 08,8,8,,,355,440050020
330050018,22397,BANNOCK,BANNOCK,66,Mink Creek 66,66,66,,,427,440050012
330050055,22308,BANNOCK,BANNOCK,13,Pocatello 13,13,13,,,450,440050034
330050012,22417,BANNOCK,BANNOCK,67,Pebble Creek 67,67,67,,,296,440050007
330050033,2268,BANNOCK,BANNOCK,3,Pocatello 03,3,3,,,349,440050019
330050046,2248,BANNOCK,BANNOCK,39,Pocatello 39,39,39,,,382,440050028
330050057,2222,BANNOCK,BANNOCK,10,Pocatello 10,10,10,,,487,440050035
330050027,22455,BANNOCK,BANNOCK,37,Pocatello 37,37,37,,,413,440050017
330050007,22134,BANNOCK,BANNOCK,58,Chubbuck 58,58,58,,,276,440050004
330050044,2216,BANNOCK,BANNOCK,25,Pocatello 25,25,25,,,363,440050027
330050032,22391,BANNOCK,BANNOCK,2,Pocatello 02,2,2,,,410,440050019
330050039,22129,BANNOCK,BANNOCK,14,Pocatello 14,14,14,,,450,440050024
330050043,2274,BANNOCK,BANNOCK,24,Pocatello 24,24,24,,,363,440050027
330050047,22267,BANNOCK,BANNOCK,41,Pocatello 41,41,41,,,409,440050028
330050059,2221,BANNOCK,BANNOCK,12,Pocatello 12,12,12,,,414,440050035
330050004,22334,BANNOCK,BANNOCK,51,Chubbuck 51,51,51,,,465,440050003
330050052,22312,BANNOCK,BANNOCK,21,Pocatello 21,21,21,,,387,440050032
330050053,22452,BANNOCK,BANNOCK,59,Chubbuck 59,59,59,,,298,440050033
330050030,2275,BANNOCK,BANNOCK,32,Pocatello 32,32,32,,,238,440050018
330050005,22362,BANNOCK,BANNOCK,52,Chubbuck 52,52,52,,,316,440050003
330050008,22393,BANNOCK,BANNOCK,50,Chubbuck 50,50,50,,,482,440050005
330050042,22304,BANNOCK,BANNOCK,4,Pocatello 04,4,4,,,556,440050026
330050038,22358,BANNOCK,BANNOCK,19,Pocatello 19,19,19,,,278,440050023
330050031,2245,BANNOCK,BANNOCK,42,Pocatello 42,42,42,,,342,440050018
330050037,22300,BANNOCK,BANNOCK,5,Pocatello 05,5,5,,,426,440050022
330050021,22388,BANNOCK,BANNOCK,40,Pocatello 40,40,40,,,255,440050014
330050028,226,BANNOCK,BANNOCK,38,Pocatello 38,38,38,,,362,440050017
330050003,22441,BANNOCK,BANNOCK,56,Chubbuck 56,56,56,,,483,440050002
330050022,22187,BANNOCK,BANNOCK,28,Pocatello 28,28,28,,,509,440050015
330050026,22303,BANNOCK,BANNOCK,36,Pocatello 36,36,36,,,457,440050017
330050013,22288,BANNOCK,BANNOCK,64,Lava Hot Springs 64,64,64,,,369,440050008
330050001,22503,BANNOCK,BANNOCK,61,Arimo 61,61,61,,,257,440050001
330050017,22329,BANNOCK,BANNOCK,43,Pocatello 43,43,43,,,538,440050011
330050011,22456,BANNOCK,BANNOCK,63,Inkom 63,63,63,,,362,440050007
330050034,2277,BANNOCK,BANNOCK,6,Pocatello 06,6,6,,,506,440050020
330050019,2246,BANNOCK,BANNOCK,26,Pocatello 26,26,26,,,437,440050013
330050056,22413,BANNOCK,BANNOCK,15,Pocatello 15,15,15,,,385,440050034
330050060,22494,BANNOCK,BANNOCK,68,Swan Lake 68,68,68,,,36,440050036
330050025,22419,BANNOCK,BANNOCK,35,Pocatello 35,35,35,,,387,440050017
330050024,2247,BANNOCK,BANNOCK,23,Pocatello 23,23,23,,,398,440050016
330050006,2260,BANNOCK,BANNOCK,53,Chubbuck 53,53,53,,,583,440050004
330050020,2276,BANNOCK,BANNOCK,31,Pocatello 31,31,31,,,375,440050013
330050054,22337,BANNOCK,BANNOCK,60,Chubbuck 60,60,60,,,64,440050033
330050058,228,BANNOCK,BANNOCK,11,Pocatello 11,11,11,,,466,440050035
330070003,22554,BEAR LAKE,BEAR LAKE,7,Bloomington,7,7,,,75,440070003
330070014,22897,BEAR LAKE,BEAR LAKE,15,St Charles,15,15,,,81,440070014
330070004,22893,BEAR LAKE,BEAR LAKE,8,Dingle,8,8,,,86,440070004
330070007,22894,BEAR LAKE,BEAR LAKE,12,Liberty,12,12,,,112,440070007
330070009,22339,BEAR LAKE,BEAR LAKE,2,Montpelier 2,2,2,,,227,440070009
330070001,22890,BEAR LAKE,BEAR LAKE,5,Bennington,5,5,,,84,440070001
330070005,22904,BEAR LAKE,BEAR LAKE,9,Fish Haven,9,9,,,105,440070005
330070002,22891,BEAR LAKE,BEAR LAKE,6,Bern,6,6,,,45,440070002
330070006,22505,BEAR LAKE,BEAR LAKE,11,Georgetown,11,11,,,214,440070006
330070008,22512,BEAR LAKE,BEAR LAKE,1,Montpelier 1,1,1,,,280,440070008
330070010,22341,BEAR LAKE,BEAR LAKE,3,Montpelier 3,3,3,,,256,440070010
330070012,22892,BEAR LAKE,BEAR LAKE,10,Geneva,10,10,,,41,440070012
330070011,22848,BEAR LAKE,BEAR LAKE,16,Bailey Creek,16,16,,,41,440070011
330070013,22862,BEAR LAKE,BEAR LAKE,13,Paris,13,13,,,171,440070013
330090007,22572,BENEWAH,BENEWAH,3,College,3,3,,,315,440090007
330090006,22575,BENEWAH,BENEWAH,2,Center,2,2,,,262,440090006
330090003,22586,BENEWAH,BENEWAH,7,Santa,7,7,,,172,440090003
330090004,22576,BENEWAH,BENEWAH,6,Plummer,6,6,,,481,440090004
330090011,22901,BENEWAH,BENEWAH,10,Tensed,10,10,,,243,440090011
330090009,22574,BENEWAH,BENEWAH,9,St. Maries,9,9,,,521,440090009
330090008,22918,BENEWAH,BENEWAH,8,St. Joe,8,8,,,27,440090008
330090010,22573,BENEWAH,BENEWAH,11,Townsite,11,11,,,408,440090010
330090002,22886,BENEWAH,BENEWAH,5,Fernwood,5,5,,,184,440090002
330090001,22583,BENEWAH,BENEWAH,4,Emida,4,4,,,126,440090001
330090005,22874,BENEWAH,BENEWAH,1,Benewah,1,1,,,109,440090005
330110012,22137,BINGHAM,BINGHAM,5,Blackfoot 5,5,5,,,539,440110007
330110003,22461,BINGHAM,BINGHAM,4,Blackfoot 4,4,4,,,505,440110003
330110023,22529,BINGHAM,BINGHAM,10,Jamestown 10,10,10,,,389,440110014
330110009,22136,BINGHAM,BINGHAM,2,Blackfoot 2,2,2,,,308,440110006
330110020,22535,BINGHAM,BINGHAM,20,Fort Hall 20,20,20,,,362,440110012
330110024,22307,BINGHAM,BINGHAM,14,Shelley 14,14,14,,,511,440110014
330110008,22248,BINGHAM,BINGHAM,1,Blackfoot 1,1,1,,,539,440110006
330110013,22306,BINGHAM,BINGHAM,17,Riverside 17,17,17,,,448,440110008
330110019,22325,BINGHAM,BINGHAM,8,Firth 8,8,8,,,491,440110011
330110016,22305,BINGHAM,BINGHAM,18,Pingree 18,18,18,,,286,440110009
330110011,22394,BINGHAM,BINGHAM,23,Blackfoot 23,23,23,,,248,440110006
330110001,22418,BINGHAM,BINGHAM,15,Abserdeen 15,15,15,,,480,440110001
330110018,22758,BINGHAM,BINGHAM,7,Firth 7,7,7,,,512,440110011
330110005,22365,BINGHAM,BINGHAM,22,Groveland 22,22,22,,,295,440110004
330110021,22355,BINGHAM,BINGHAM,13,Shelley 13,13,13,,,514,440110013
330110014,22822,BINGHAM,BINGHAM,24,Riverside 24,24,24,,,233,440110008
330110007,22338,BINGHAM,BINGHAM,25,Moreland 25,25,25,,,320,440110005
330110022,22516,BINGHAM,BINGHAM,21,Shelley West 21,21,21,,,493,440110013
330110015,22473,BINGHAM,BINGHAM,12,Rockford 12,12,12,,,361,440110009
330110025,22366,BINGHAM,BINGHAM,16,Springfield/Sterling 16,16,16,,,188,440110015
330110004,2241,BINGHAM,BINGHAM,9,Groveland 9,9,9,,,554,440110004
330110002,22311,BINGHAM,BINGHAM,6,Blackfoot 6,6,6,,,470,440110002
330110006,22302,BINGHAM,BINGHAM,11,Moreland 11,11,11,,,289,440110005
330110010,22332,BINGHAM,BINGHAM,3,Blackfoot 3,3,3,,,487,440110006
330110017,22353,BINGHAM,BINGHAM,19,Wapello 19,19,19,,,225,440110010
330130012,22732,BLAINE,BLAINE,1,Blaine - 001,1,1,,,655,440130005
330130009,22469,BLAINE,BLAINE,9,Blaine - 009,9,9,,,413,440130004
330130010,22841,BLAINE,BLAINE,10,Blaine - 010,10,10,,,389,440130004
330130011,22709,BLAINE,BLAINE,11,Blaine - 011,11,11,,,437,440130004
330130008,22238,BLAINE,BLAINE,8,Blaine - 008,8,8,,,428,440130004
330130007,22520,BLAINE,BLAINE,7,Blaine - 007,7,7,,,477,440130004
330130016,22915,BLAINE,BLAINE,16,Blaine - 016,16,16,,,4,440130007
330130002,22684,BLAINE,BLAINE,13,Blaine - 013,13,13,,,623,440130001
330130017,22513,BLAINE,BLAINE,2,Blaine - 002,2,2,,,620,440130008
330130003,22823,BLAINE,BLAINE,14,Blaine - 014,14,14,,,263,440130002
330130014,22558,BLAINE,BLAINE,4,Blaine - 004,4,4,,,685,440130005
330130006,22708,BLAINE,BLAINE,6,Blaine - 006,6,6,,,271,440130004
330130013,22733,BLAINE,BLAINE,3,Blaine - 003,3,3,,,606,440130005
330130005,22527,BLAINE,BLAINE,5,Blaine - 005,5,5,,,540,440130004
330130001,22741,BLAINE,BLAINE,12,Blaine - 012,12,12,,,256,440130001
330130015,22727,BLAINE,BLAINE,15,Blaine - 015,15,15,,,230,440130006
330150001,22368,BOISE,BOISE,70,Mores Creek,70,70,,,689,440150001
330150003,2240,BOISE,BOISE,30,Garden Valley,30,30,,,728,440150003
330150004,22148,BOISE,BOISE,40,Horseshoe Bend,40,40,,,543,440150004
330150006,22734,BOISE,BOISE,50,Idaho City,50,50,,,422,440150006
330150002,22753,BOISE,BOISE,80,Placerville,80,80,,,145,440150002
330150007,22748,BOISE,BOISE,60,Lowman,60,60,,,107,440150007
330170020,22824,BONNER,BONNER,EAPR,East Priest River,EAPR,EAPR,,,445,440170020
330170011,22638,BONNER,BONNER,HOPE,Hope,HOPE,HOPE,,,389,440170011
330170002,22913,BONNER,BONNER,LAKV,Lakeview,LAKV,LAKV,,,110,440170002
330170001,22645,BONNER,BONNER,SPVY,Spirit Valley,SPVY,SPVY,,,484,440170001
330170026,22472,BONNER,BONNER,BALD,Baldy,BALD,BALD,,,726,440170026
330170015,22624,BONNER,BONNER,LAMB,Lamb Creek,LAMB,LAMB,,,256,440170015
330170033,22617,BONNER,BONNER,WREN,Wrenco,WREN,WREN,,,159,440170033
330170008,22604,BONNER,BONNER,SOSD,Southside,SOSD,SOSD,,,333,440170008
330170024,22525,BONNER,BONNER,KOOT,Kootenai,KOOT,KOOT,,,935,440170024
330170021,22614,BONNER,BONNER,GAML,Gamlin Lake,GAML,GAML,,,299,440170021
330170030,22627,BONNER,BONNER,SELL,Selle,SELL,SELL,,,427,440170030
330170029,22623,BONNER,BONNER,GRCK,Grouse Creek,GRCK,GRCK,,,354,440170029
330170023,22615,BONNER,BONNER,ALGO,Algoma,ALGO,ALGO,,,460,440170023
330170006,22605,BONNER,BONNER,WMND,Westmond,WMND,WMND,,,442,440170006
330170014,22735,BONNER,BONNER,PRLK,Priest Lake,PRLK,PRLK,,,110,440170014
330170003,22121,BONNER,BONNER,CKFK,Clark Fork,CKFK,CKFK,,,359,440170003
330170022,22555,BONNER,BONNER,SAGL,Sagle,SAGL,SAGL,,,641,440170022
330170017,22613,BONNER,BONNER,EDGM,Edgemere,EDGM,EDGM,,,581,440170017
330170018,22821,BONNER,BONNER,PRWC,Priest River West City,PRWC,PRWC,,,185,440170018
330170010,22606,BONNER,BONNER,DOVR,Dover,DOVR,DOVR,,,221,440170010
330170005,22867,BONNER,BONNER,CARW,Careywood,CARW,CARW,,,343,440170005
330170032,2269,BONNER,BONNER,SDPT,Sandpoint,SDPT,SDPT,,,549,440170032
330170004,22872,BONNER,BONNER,KELS,Kelso,KELS,KELS,,,84,440170004
330170012,22625,BONNER,BONNER,LACL,Laclede,LACL,LACL,,,226,440170012
330170025,22618,BONNER,BONNER,AIRP,Airport,AIRP,AIRP,,,477,440170025
330170007,22619,BONNER,BONNER,COLA,Cocolalla,COLA,COLA,,,234,440170007
330170028,22496,BONNER,BONNER,HUMB,Humbird,HUMB,HUMB,,,580,440170028
330170031,22620,BONNER,BONNER,ODEN,Oden,ODEN,ODEN,,,250,440170031
330170016,2220,BONNER,BONNER,BLUE,Blue Lake,BLUE,BLUE,,,217,440170016
330170009,22616,BONNER,BONNER,COLB,Colburn,COLB,COLB,,,561,440170009
330170027,22587,BONNER,BONNER,WASH,Washington,WASH,WASH,,,789,440170027
330170019,22820,BONNER,BONNER,WPRB,West Priest River Bench,WPRB,WPRB,,,206,440170019
330170013,22543,BONNER,BONNER,OLDT,Oldtown,OLDT,OLDT,,,614,440170013
330190050,22786,BONNEVILLE,BONNEVILLE,54,Bonneville - 54,54,54,,,173,440190047
330190007,22468,BONNEVILLE,BONNEVILLE,46,Bonneville - 46,46,46,,,519,440190007
330190019,22770,BONNEVILLE,BONNEVILLE,4,Bonneville - 04,4,4,,,325,440190019
330190032,22434,BONNEVILLE,BONNEVILLE,37,Bonneville - 37,37,37,,,365,440190032
330190040,2254,BONNEVILLE,BONNEVILLE,18,Bonneville - 18,18,18,,,526,440190039
330190041,22211,BONNEVILLE,BONNEVILLE,48,Bonneville - 48,48,48,,,705,440190040
330190049,22785,BONNEVILLE,BONNEVILLE,55,Bonneville - 55,55,55,,,254,440190046
330190027,22317,BONNEVILLE,BONNEVILLE,19,Bonneville - 19,19,19,,,480,440190027
330190012,22177,BONNEVILLE,BONNEVILLE,2,Bonneville - 02,2,2,,,582,440190012
330190031,2215,BONNEVILLE,BONNEVILLE,38,Bonneville - 38,38,38,,,427,440190031
330190026,22356,BONNEVILLE,BONNEVILLE,17,Bonneville - 17,17,17,,,582,440190026
330190033,22324,BONNEVILLE,BONNEVILLE,24,Bonneville - 24,24,24,,,636,440190033
330190021,2258,BONNEVILLE,BONNEVILLE,12,Bonneville - 12,12,12,,,514,440190021
330190035,22498,BONNEVILLE,BONNEVILLE,14,Bonneville - 14,14,14,,,471,440190035
330190036,2237,BONNEVILLE,BONNEVILLE,13,Bonneville - 13,13,13,,,627,440190036
330190023,22771,BONNEVILLE,BONNEVILLE,42,Bonneville - 42,42,42,,,281,440190023
330190022,224,BONNEVILLE,BONNEVILLE,49,Bonneville - 49,49,49,,,590,440190022
330190005,22506,BONNEVILLE,BONNEVILLE,7,Bonneville - 07,7,7,,,380,440190005
330190044,22544,BONNEVILLE,BONNEVILLE,21,Bonneville - 21,21,21,,,530,440190042
330190006,22403,BONNEVILLE,BONNEVILLE,22,Bonneville - 22,22,22,,,384,440190006
330190039,2213,BONNEVILLE,BONNEVILLE,3,Bonneville - 03,3,3,,,398,440190038
330190004,22423,BONNEVILLE,BONNEVILLE,16,Bonneville - 16,16,16,,,531,440190004
330190020,22310,BONNEVILLE,BONNEVILLE,26,Bonneville - 26,26,26,,,459,440190020
330190009,22316,BONNEVILLE,BONNEVILLE,9,Bonneville - 09,9,9,,,508,440190009
330190001,22336,BONNEVILLE,BONNEVILLE,5,Bonneville - 05,5,5,,,569,440190001
330190015,22383,BONNEVILLE,BONNEVILLE,6,Bonneville - 06,6,6,,,602,440190015
330190047,22559,BONNEVILLE,BONNEVILLE,44,Bonneville - 44,44,44,,,499,440190045
330190003,22534,BONNEVILLE,BONNEVILLE,50,Bonneville - 50,50,50,,,512,440190003
330190046,22761,BONNEVILLE,BONNEVILLE,58,Bonneville - 58,58,58,,,443,440190044
330190034,22333,BONNEVILLE,BONNEVILLE,59,Bonneville - 59,59,59,,,453,440190034
330190025,2290,BONNEVILLE,BONNEVILLE,57,Bonneville - 57,57,57,,,628,440190025
330190038,2259,BONNEVILLE,BONNEVILLE,27,Bonneville - 27,27,27,,,550,440190037
330190017,22436,BONNEVILLE,BONNEVILLE,25,Bonneville - 25,25,25,,,424,440190017
330190011,22264,BONNEVILLE,BONNEVILLE,10,Bonneville - 10,10,10,,,439,440190011
330190018,221,BONNEVILLE,BONNEVILLE,23,Bonneville - 23,23,23,,,553,440190018
330190030,22433,BONNEVILLE,BONNEVILLE,51,Bonneville - 51,51,51,,,470,440190030
330190016,22610,BONNEVILLE,BONNEVILLE,39,Bonneville - 39,39,39,,,402,440190016
330190028,2257,BONNEVILLE,BONNEVILLE,15,Bonneville - 15,15,15,,,642,440190028
330190013,22541,BONNEVILLE,BONNEVILLE,20,Bonneville - 20,20,20,,,524,440190013
330190048,22697,BONNEVILLE,BONNEVILLE,53,Bonneville - 53,53,53,,,627,440190045
330190042,22489,BONNEVILLE,BONNEVILLE,43,Bonneville - 43,43,43,,,584,440190041
330190014,22314,BONNEVILLE,BONNEVILLE,11,Bonneville - 11,11,11,,,448,440190014
330190008,22696,BONNEVILLE,BONNEVILLE,47,Bonneville - 47,47,47,,,502,440190008
330190010,22363,BONNEVILLE,BONNEVILLE,45,Bonneville - 45,45,45,,,492,440190010
330190002,22923,BONNEVILLE,BONNEVILLE,56,Bonneville - 56,56,56,,,24,440190002
330190043,2255,BONNEVILLE,BONNEVILLE,1,Bonneville - 01,1,1,,,563,440190042
330190024,22272,BONNEVILLE,BONNEVILLE,40,Bonneville - 40,40,40,,,488,440190024
330190037,22345,BONNEVILLE,BONNEVILLE,41,Bonneville - 41,41,41,,,608,440190036
330190045,22371,BONNEVILLE,BONNEVILLE,8,Bonneville - 08,8,8,,,485,440190043
330190029,22162,BONNEVILLE,BONNEVILLE,52,Bonneville - 52,52,52,,,680,440190029
330210003,22644,BOUNDARY,BOUNDARY,2,Copeland,2,2,,,312,440210002
330210002,22557,BOUNDARY,BOUNDARY,6,North Bonners Ferry,6,6,,,620,440210001
330210001,22636,BOUNDARY,BOUNDARY,1,Bonners Ferry/Kootenai,1,1,,,529,440210001
330210006,22622,BOUNDARY,BOUNDARY,5,Naples,5,5,,,593,440210005
330210004,22237,BOUNDARY,BOUNDARY,7,Valley View,7,7,,,515,440210003
330210005,22551,BOUNDARY,BOUNDARY,4,Moyie,4,4,,,759,440210004
330230004,22832,BUTTE,BUTTE,4,Howe,4,4,,,98,440230003
330230003,22810,BUTTE,BUTTE,3,Moore,3,3,,,290,440230002
330230001,22262,BUTTE,BUTTE,1,Arco 1,1,1,,,309,440230001
330230002,22796,BUTTE,BUTTE,2,Arco 2,2,2,,,196,440230001
330250001,22546,CAMAS,CAMAS,1,Camas - 01,1,1,,,235,440250001
330250002,22726,CAMAS,CAMAS,2,Camas - 02,2,2,,,248,440250002
330270027,22180,CANYON,CANYON,9,Canyon - 09,9,9,,,1056,440270055
330270043,22658,CANYON,CANYON,39,Canyon - 39,39,39,,,836,440270062
330270098,22691,CANYON,CANYON,52,Canyon - 52,52,52,,,825,440270085
330270106,22170,CANYON,CANYON,62,Canyon - 62,62,62,,,894,440270088
330270003,22179,CANYON,CANYON,11,Canyon - 11,11,11,,,553,440270045
330270074,22592,CANYON,CANYON,3,Canyon - 03,3,3,,,763,440270076
330270039,22683,CANYON,CANYON,29,Canyon - 29,29,29,,,828,440270060
330270029,22235,CANYON,CANYON,27,Canyon - 27,27,27,,,795,440270056
330270096,22694,CANYON,CANYON,59,Canyon - 59,59,59,,,671,440270084
330270065,22198,CANYON,CANYON,37,Canyon - 37,37,37,,,531,440270072
330270104,22279,CANYON,CANYON,57,Canyon - 57,57,57,,,908,440270087
330270101,22701,CANYON,CANYON,1,Canyon - 01,1,1,,,872,440270042
330270093,22470,CANYON,CANYON,40,Canyon - 40,40,40,,,734,440270082
330270063,22671,CANYON,CANYON,32,Canyon - 32,32,32,,,461,440270070
330270089,22364,CANYON,CANYON,41,Canyon - 41,41,41,,,994,440270080
330270014,22178,CANYON,CANYON,12,Canyon - 12,12,12,,,832,440270048
330270060,22670,CANYON,CANYON,33,Canyon - 33,33,33,,,381,440270068
330270037,22689,CANYON,CANYON,28,Canyon - 28,28,28,,,491,440270059
330270047,22367,CANYON,CANYON,49,Canyon - 49,49,49,,,612,440270064
330270073,2212,CANYON,CANYON,60,Canyon - 60,60,60,,,854,440270075
330270087,22209,CANYON,CANYON,31,Canyon - 31,31,31,,,738,440270079
330270041,2253,CANYON,CANYON,18,Canyon - 18,18,18,,,481,440270061
330270025,22184,CANYON,CANYON,10,Canyon - 10,10,10,,,889,440270011
330270051,22258,CANYON,CANYON,30,Canyon - 30,30,30,,,598,440270065
330270100,22442,CANYON,CANYON,51,Canyon - 51,51,51,,,671,440270086
330270020,22405,CANYON,CANYON,56,Canyon - 56,56,56,,,700,440270052
330270021,22181,CANYON,CANYON,13,Canyon - 13,13,13,,,826,440270053
330270069,22521,CANYON,CANYON,43,Canyon - 43,43,43,,,264,440270074
330270007,22249,CANYON,CANYON,8,Canyon - 08,8,8,,,598,440270004
330270031,22404,CANYON,CANYON,54,Canyon - 54,54,54,,,751,440270057
330270092,22290,CANYON,CANYON,35,Canyon - 35,35,35,,,629,440270081
330270085,22190,CANYON,CANYON,50,Canyon - 50,50,50,,,577,440270078
330270016,22123,CANYON,CANYON,55,Canyon - 55,55,55,,,787,440270050
330290008,22370,CARIBOU,CARIBOU,106,Soda 3,106,106,,,223,440290006
330290006,22485,CARIBOU,CARIBOU,207,Soda 4,207,207,,,202,440290005
330290005,22396,CARIBOU,CARIBOU,205,Soda 2,205,205,,,343,440290005
330290001,22478,CARIBOU,CARIBOU,3,Bancroft,3,3,,,245,440290001
330290002,22855,CARIBOU,CARIBOU,10,Freedom,10,10,,,33,440290002
330290007,22301,CARIBOU,CARIBOU,104,Soda 1,104,104,,,386,440290006
330290009,22766,CARIBOU,CARIBOU,9,Wayan,9,9,,,21,440290007
330290004,22482,CARIBOU,CARIBOU,1,Grace 1,1,1,,,374,440290004
330290003,22502,CARIBOU,CARIBOU,2,Grace 2,2,2,,,214,440290003
330310021,22706,CASSIA,CASSIA,111,Declo,111,111,,,389,440310017
330310013,22783,CASSIA,CASSIA,124,Unity,124,124,,,331,440310013
330310005,22474,CASSIA,CASSIA,101,Burley 1,101,101,,,185,440310005
330310007,22787,CASSIA,CASSIA,120,Pella,120,120,,,164,440310007
330310019,22816,CASSIA,CASSIA,119,Parsons,119,119,,,33,440310016
330310024,22738,CASSIA,CASSIA,118,Oakley 2,118,118,,,222,440310020
330310017,22909,CASSIA,CASSIA,110,Bridge,110,110,,,24,440310016
330310002,22457,CASSIA,CASSIA,105,Burley 5,105,105,,,347,440310002
330310008,22343,CASSIA,CASSIA,104,Burley 4,104,104,,,362,440310008
330310014,22327,CASSIA,CASSIA,107,Burley 7,107,107,,,130,440310014
330310018,22846,CASSIA,CASSIA,112,Elba,112,112,,,65,440310016
330310012,22533,CASSIA,CASSIA,113,Grandview,113,113,,,228,440310012
330310004,22349,CASSIA,CASSIA,103,Burley 3,103,103,,,346,440310004
330310016,22869,CASSIA,CASSIA,109,Almo,109,109,,,60,440310016
330310003,22471,CASSIA,CASSIA,106,Burley 6,106,106,,,481,440310003
330310022,22565,CASSIA,CASSIA,115,Jackson,115,115,,,119,440310018
330310023,22724,CASSIA,CASSIA,116,Malta,116,116,,,167,440310019
330310015,22566,CASSIA,CASSIA,125,View,125,125,,,116,440310015
330310011,22501,CASSIA,CASSIA,122,Starrahs Ferry,122,122,,,535,440310011
330310009,22268,CASSIA,CASSIA,102,Burley 2,102,102,,,194,440310009
330310006,22764,CASSIA,CASSIA,114,Heglar-Yale,114,114,,,48,440310006
330310010,22720,CASSIA,CASSIA,121,Springdale,121,121,,,295,440310010
330310001,22603,CASSIA,CASSIA,108,Albion,108,108,,,186,440310001
330310020,22914,CASSIA,CASSIA,123,Sublett,123,123,,,19,440310016
330310025,22870,CASSIA,CASSIA,117,Oakley 1,117,117,,,160,440310021
330330001,22432,CLARK,CLARK,1,Clark - 001,1,1,,,100,440330001
330330002,22922,CLARK,CLARK,2,Clark - 002,2,2,,,65,440330002
330330003,22523,CLARK,CLARK,3,Clark - 003,3,3,,,71,440330003
330350010,22595,CLEARWATER,CLEARWATER,2,Orofino 2,2,2,,,327,440350010
330350001,22407,CLEARWATER,CLEARWATER,11,Ahsahka,11,11,,,183,440350001
330350007,22840,CLEARWATER,CLEARWATER,7,Greer,7,7,,,25,440350007
330350004,22839,CLEARWATER,CLEARWATER,13,Elk River,13,13,,,70,440350004
330350012,22833,CLEARWATER,CLEARWATER,4,Orofino 4,4,4,,,230,440350012
330350015,22406,CLEARWATER,CLEARWATER,9,Weippe,9,9,,,316,440350015
330350006,22679,CLEARWATER,CLEARWATER,14,Grangemont,14,14,,,59,440350006
330350008,22924,CLEARWATER,CLEARWATER,10,Headquarters,10,10,,,13,440350008
330350014,22819,CLEARWATER,CLEARWATER,12,Pierce,12,12,,,214,440350014
330350011,22674,CLEARWATER,CLEARWATER,3,Orofino 3,3,3,,,377,440350011
330350005,22817,CLEARWATER,CLEARWATER,6,Fraser,6,6,,,53,440350005
330350013,22791,CLEARWATER,CLEARWATER,5,Orofino 5,5,5,,,366,440350013
330350009,22818,CLEARWATER,CLEARWATER,1,Orofino 1,1,1,,,355,440350009
330350002,22675,CLEARWATER,CLEARWATER,8,Teakean,8,8,,,105,440350002
330370008,22331,CUSTER,CUSTER,6,Custer - 006,6,6,,,254,440370005
330370001,22807,CUSTER,CUSTER,3,Custer - 003,3,3,,,308,440370001
330370006,22722,CUSTER,CUSTER,9,Custer - 009,9,9,,,100,440370004
330370005,22899,CUSTER,CUSTER,8,Custer - 008,8,8,,,30,440370003
330370004,22843,CUSTER,CUSTER,7,Custer - 007,7,7,,,66,440370003
330370002,22885,CUSTER,CUSTER,4,Custer - 004,4,4,,,190,440370001
330370007,22495,CUSTER,CUSTER,5,Custer - 005,5,5,,,206,440370005
330370003,22594,CUSTER,CUSTER,1,Custer - 001,1,1,,,382,440370002
330370009,22409,CUSTER,CUSTER,11,Custer - 011,11,11,,,152,440370006
330390005,22919,ELMORE,ELMORE,CA #1,Camas,CA #1,CA #1,,,11,440390005
330390009,22174,ELMORE,ELMORE,MH #6,Mt. Home #6,MH #6,MH #6,,,420,440390008
330390003,22808,ELMORE,ELMORE,KH #1,King Hill,KH #1,KH #1,,,111,440390003
330390010,22702,ELMORE,ELMORE,MH #9,Mt. Home #9,MH #9,MH #9,,,597,440390008
330390012,2243,ELMORE,ELMORE,MH #2,Mt. Home #2,MH #2,MH #2,,,663,440390010
330390004,22145,ELMORE,ELMORE,AT #1,Atlanta,AT #1,AT #1,,,30,440390004
330390006,22889,ELMORE,ELMORE,CF #1,Chattin Flats,CF #1,CF #1,,,40,440390006
330390017,22695,ELMORE,ELMORE,PI #1,Pine,PI #1,PI #1,,,71,440390013
330390002,22854,ELMORE,ELMORE,HA #1,Hammett,HA #1,HA #1,,,133,440390002
330390013,22204,ELMORE,ELMORE,MH #3,Mt. Home #3,MH #3,MH #3,,,557,440390010
330390015,2244,ELMORE,ELMORE,MH #8,Mt. Home #8,MH #8,MH #8,,,820,440390011
330390001,22745,ELMORE,ELMORE,GF #1,Glenns Ferry,GF #1,GF #1,,,467,440390001
330390018,22752,ELMORE,ELMORE,PR #1,Prairie,PR #1,PR #1,,,38,440390014
330390016,22736,ELMORE,ELMORE,MF #1,Mayfield,MF #1,MF #1,,,110,440390012
330390008,2271,ELMORE,ELMORE,MH #7,Mt. Home #7,MH #7,MH #7,,,475,440390007
330390011,2261,ELMORE,ELMORE,MH #5,Mt. Home #5,MH #5,MH #5,,,543,440390009
330390014,22690,ELMORE,ELMORE,MH #1,Mt. Home #1,MH #1,MH #1,,,467,440390011
330390007,22491,ELMORE,ELMORE,MH #4,Mt. Home #4,MH #4,MH #4,,,488,440390007
330410010,22322,FRANKLIN,FRANKLIN,4,Preston 4,4,4,,,210,440410010
330410012,22323,FRANKLIN,FRANKLIN,3,Preston 3,3,3,,,250,440410012
330410015,22883,FRANKLIN,FRANKLIN,6,Banida-Winder 6,6,6,,,73,440410015
330410014,22483,FRANKLIN,FRANKLIN,16,Whitney 16,16,16,,,183,440410014
330410001,22552,FRANKLIN,FRANKLIN,7,Clifton-Oxford 7,7,7,,,138,440410001
330410011,22896,FRANKLIN,FRANKLIN,14,Treasurton-Riverdale 14,14,14,,,157,440410011
330410017,22779,FRANKLIN,FRANKLIN,15,Weston 15,15,15,,,226,440410017
330410016,22813,FRANKLIN,FRANKLIN,13,Thatcher 13,13,13,,,68,440410016
330410003,22844,FRANKLIN,FRANKLIN,10,Franklin 10,10,10,,,279,440410003
330410005,22856,FRANKLIN,FRANKLIN,9,Fairview 9,9,9,,,207,440410005
330410006,22751,FRANKLIN,FRANKLIN,5,Preston 5,5,5,,,239,440410006
330410009,22582,FRANKLIN,FRANKLIN,1,Preston 1,1,1,,,248,440410009
330410007,22287,FRANKLIN,FRANKLIN,11,Mapleton 11,11,11,,,139,440410007
330410002,22225,FRANKLIN,FRANKLIN,8,Dayton 8,8,8,,,224,440410002
330410013,22814,FRANKLIN,FRANKLIN,2,Preston 2,2,2,,,289,440410013
330410004,22429,FRANKLIN,FRANKLIN,17,Worm Creek,17,17,,,124,440410004
330410008,22895,FRANKLIN,FRANKLIN,12,Mink Creek 12,12,12,,,82,440410008
330430004,22342,FREMONT,FREMONT,1,Fremont - 001,1,1,,,452,440430003
330430005,22776,FREMONT,FREMONT,13,Fremont - 013,13,13,,,103,440430004
330430002,22375,FREMONT,FREMONT,6,Fremont - 006,6,6,,,253,440430001
330430009,22542,FREMONT,FREMONT,7,Fremont - 007,7,7,,,383,440430008
330430010,22484,FREMONT,FREMONT,8,Fremont - 008,8,8,,,346,440430009
330430012,22778,FREMONT,FREMONT,10,Fremont - 010,10,10,,,320,440430009
330430014,22781,FREMONT,FREMONT,12,Fremont - 012,12,12,,,208,440430011
330430013,22444,FREMONT,FREMONT,11,Fremont - 011,11,11,,,284,440430010
330430001,22540,FREMONT,FREMONT,4,Fremont - 004,4,4,,,258,440430001
330430008,22774,FREMONT,FREMONT,2,Fremont - 002,2,2,,,293,440430007
330430003,22497,FREMONT,FREMONT,5,Fremont - 005,5,5,,,233,440430002
330430006,22789,FREMONT,FREMONT,3,Fremont - 003,3,3,,,216,440430005
330430011,22110,FREMONT,FREMONT,9,Fremont - 009,9,9,,,225,440430009
330450001,22172,GEM,GEM,05-WE,05 West Emmett,05-WE,05-WE,,,512,440450001
330450010,22632,GEM,GEM,11-BN,11 Bench,11-BN,11-BN,,,373,440450008
330450012,22376,GEM,GEM,09-HN,09 Hanna,09-HN,09-HN,,,421,440450009
330450004,22183,GEM,GEM,01-CE,01 Central,01-CE,01-CE,,,397,440450003
330450007,22656,GEM,GEM,04-SE,04 South Emmett,04-SE,04-SE,,,428,440450006
330450005,22147,GEM,GEM,03-BV,03 Butteview,03-BV,03-BV,,,460,440450004
330450002,22223,GEM,GEM,06-EM,06 Emerson,06-EM,06-EM,,,512,440450001
330450014,22698,GEM,GEM,12-SW,12 Sweet-Montour,12-SW,12-SW,,,260,440450011
330450013,22699,GEM,GEM,13-OL,13 Ola,13-OL,13-OL,,,65,440450010
330450003,2219,GEM,GEM,02-NE,02 North Emmett,02-NE,02-NE,,,308,440450002
330450011,2218,GEM,GEM,08-LT,08 Letha,08-LT,08-LT,,,428,440450009
330450009,22688,GEM,GEM,10-BK,10 Brick,10-BK,10-BK,,,307,440450008
330450008,22669,GEM,GEM,07-LN,07 Lincoln,07-LN,07-LN,,,441,440450007
330470003,22326,GOODING,GOODING,P2,2 Gooding City,P2,P2,,,823,440470003
330470005,22201,GOODING,GOODING,P4,4 Wendell City,P4,P4,,,560,440470005
330470004,22247,GOODING,GOODING,P3,3 Gooding Rural,P3,P3,,,788,440470004
330470001,22263,GOODING,GOODING,P7,7 Hagerman,P7,P7,,,698,440470001
330470006,22230,GOODING,GOODING,P5,5 Wendell Rural,P5,P5,,,484,440470006
330470002,22313,GOODING,GOODING,P6,6 Bliss,P6,P6,,,186,440470002
330490019,22692,IDAHO,IDAHO,17,Kamiah,17,17,,,503,440490018
330490023,22792,IDAHO,IDAHO,22,Riggins,22,22,,,298,440490022
330490012,22882,IDAHO,IDAHO,14,Grangeville 5,14,14,,,428,440490011
330490003,22794,IDAHO,IDAHO,3,Cottonwood 1,3,3,,,193,440490003
330490016,22905,IDAHO,IDAHO,8,Greencreek,8,8,,,104,440490015
330490025,22799,IDAHO,IDAHO,25,Whitebird,25,25,,,200,440490024
330490008,22449,IDAHO,IDAHO,10,Grangeville 1,10,10,,,317,440490007
330490004,22795,IDAHO,IDAHO,4,Cottonwood 2,4,4,,,198,440490003
330490009,22876,IDAHO,IDAHO,11,Grangeville 2,11,11,,,308,440490008
330490011,22126,IDAHO,IDAHO,13,Grangeville 4,13,13,,,417,440490010
330490022,22804,IDAHO,IDAHO,21,Pollock,21,21,,,213,440490021
330490024,22879,IDAHO,IDAHO,24,Stites,24,24,,,186,440490023
330490017,22756,IDAHO,IDAHO,15,Harpster,15,15,,,151,440490016
330490006,22906,IDAHO,IDAHO,6,Fenn,6,6,,,82,440490005
330490014,22881,IDAHO,IDAHO,20,Lowell,20,20,,,64,440490013
330490018,2267,IDAHO,IDAHO,9,Glover,9,9,,,93,440490017
330490005,22749,IDAHO,IDAHO,5,Elk City,5,5,,,197,440490004
330490015,22806,IDAHO,IDAHO,23,Slate Creek,23,23,,,75,440490014
330490013,22835,IDAHO,IDAHO,16,Joseph,16,16,,,14,440490012
330490020,22880,IDAHO,IDAHO,18,Keuterville,18,18,,,92,440490019
330490021,22163,IDAHO,IDAHO,19,Kooskia,19,19,,,625,440490020
330490002,22168,IDAHO,IDAHO,2,Clearwater,2,2,,,163,440490002
330490010,22825,IDAHO,IDAHO,12,Grangeville 3,12,12,,,286,440490009
330490026,22161,IDAHO,IDAHO,26,Woodland,26,26,,,109,440490025
330490007,22634,IDAHO,IDAHO,7,Ferdinand,7,7,,,125,440490006
330510008,22354,JEFFERSON,JEFFERSON,4,Grant,4,4,,,313,440510008
330510004,22254,JEFFERSON,JEFFERSON,9,Menan,9,9,,,379,440510004
330510017,22259,JEFFERSON,JEFFERSON,17,Terreton,17,17,,,256,440510017
330510001,22784,JEFFERSON,JEFFERSON,5,Hamer,5,5,,,138,440510001
330510007,22760,JEFFERSON,JEFFERSON,3,Garfield,3,3,,,694,440510007
330510016,22431,JEFFERSON,JEFFERSON,16,Roberts,16,16,,,303,440510016
330510010,22782,JEFFERSON,JEFFERSON,8,Lorenzo,8,8,,,138,440510010
330510011,22132,JEFFERSON,JEFFERSON,11,Rigby 1,11,11,,,323,440510011
330510014,223,JEFFERSON,JEFFERSON,14,Rigby 4,14,14,,,519,440510014
330510012,22759,JEFFERSON,JEFFERSON,12,Rigby 2,12,12,,,249,440510012
330510013,22315,JEFFERSON,JEFFERSON,13,Rigby 3,13,13,,,1015,440510013
330510003,22437,JEFFERSON,JEFFERSON,7,Lewisville,7,7,,,343,440510003
330510006,22275,JEFFERSON,JEFFERSON,2,Clark,2,2,,,468,440510006
330510002,22221,JEFFERSON,JEFFERSON,1,Annis,1,1,,,160,440510002
330510009,22780,JEFFERSON,JEFFERSON,6,Labelle,6,6,,,325,440510009
330510015,22220,JEFFERSON,JEFFERSON,15,Ririe,15,15,,,441,440510015
330510005,22380,JEFFERSON,JEFFERSON,10,Monteview,10,10,,,120,440510005
330530006,22379,JEROME,JEROME,6,Northeast,6,6,,,649,440530006
330530008,22377,JEROME,JEROME,7,Northwest,7,7,,,442,440530008
330530002,22381,JEROME,JEROME,5,Hazelton,5,5,,,485,440530002
330530001,22711,JEROME,JEROME,3,Eden,3,3,,,269,440530001
330530003,22488,JEROME,JEROME,4,Falls City,4,4,,,266,440530003
330530009,22166,JEROME,JEROME,10,Southwest,10,10,,,553,440530008
330530010,22328,JEROME,JEROME,9,Southeast,9,9,,,274,440530009
330530004,22320,JEROME,JEROME,1,Bishop-Court,1,1,,,437,440530004
330530007,22242,JEROME,JEROME,2,Canyonside,2,2,,,877,440530007
330530005,22246,JEROME,JEROME,8,Shepherd - View,8,8,,,570,440530005
330550024,22490,KOOTENAI,KOOTENAI,58,Kootenai - 58,58,58,,,553,440550019
330550065,22628,KOOTENAI,KOOTENAI,18,Kootenai - 18,18,18,,,956,440550053
330550055,22788,KOOTENAI,KOOTENAI,32,Kootenai - 32,32,32,,,591,440550045
330550070,22664,KOOTENAI,KOOTENAI,69,Kootenai - 69,69,69,,,574,440550058
330550068,22294,KOOTENAI,KOOTENAI,1,Kootenai - 01,1,1,,,608,440550056
330550066,22859,KOOTENAI,KOOTENAI,10,Kootenai - 10,10,10,,,261,440550054
330550035,22581,KOOTENAI,KOOTENAI,20,Kootenai - 20,20,20,,,915,440550027
330550008,22297,KOOTENAI,KOOTENAI,40,Kootenai - 40,40,40,,,943,440550006
330550058,22526,KOOTENAI,KOOTENAI,35,Kootenai - 35,35,35,,,356,440550047
330550012,22584,KOOTENAI,KOOTENAI,47,Kootenai - 47,47,47,,,867,440550009
330550069,22713,KOOTENAI,KOOTENAI,2,Kootenai - 02,2,2,,,601,440550057
330550018,22744,KOOTENAI,KOOTENAI,66,Kootenai - 66,66,66,,,447,440550014
330550006,22700,KOOTENAI,KOOTENAI,65,Kootenai - 65,65,65,,,432,440550005
330550054,22800,KOOTENAI,KOOTENAI,31,Kootenai - 31,31,31,,,257,440550044
330550021,22119,KOOTENAI,KOOTENAI,51,Kootenai - 51,51,51,,,457,440550017
330550039,22514,KOOTENAI,KOOTENAI,21,Kootenai - 21,21,21,,,541,440550030
330550009,22593,KOOTENAI,KOOTENAI,52,Kootenai - 52,52,52,,,450,440550007
330550057,22539,KOOTENAI,KOOTENAI,28,Kootenai - 28,28,28,,,874,440550046
330550026,22117,KOOTENAI,KOOTENAI,49,Kootenai - 49,49,49,,,484,440550020
330550044,22721,KOOTENAI,KOOTENAI,29,Kootenai - 29,29,29,,,443,440550035
330550001,22793,KOOTENAI,KOOTENAI,3,Kootenai - 03,3,3,,,665,440550001
330550051,22569,KOOTENAI,KOOTENAI,33,Kootenai - 33,33,33,,,363,440550042
330550067,22647,KOOTENAI,KOOTENAI,5,Kootenai - 05,5,5,,,800,440550055
330550014,22411,KOOTENAI,KOOTENAI,60,Kootenai - 60,60,60,,,315,440550011
330550040,22550,KOOTENAI,KOOTENAI,19,Kootenai - 19,19,19,,,651,440550031
330550053,22857,KOOTENAI,KOOTENAI,64,Kootenai - 64,64,64,,,352,440550043
330550005,22111,KOOTENAI,KOOTENAI,57,Kootenai - 57,57,57,,,452,440550004
330550028,22410,KOOTENAI,KOOTENAI,54,Kootenai - 54,54,54,,,587,440550022
330550017,22578,KOOTENAI,KOOTENAI,43,Kootenai - 43,43,43,,,669,440550013
330550049,22106,KOOTENAI,KOOTENAI,8,Kootenai - 08,8,8,,,869,440550040
330550034,22680,KOOTENAI,KOOTENAI,7,Kootenai - 07,7,7,,,907,440550026
330550020,22112,KOOTENAI,KOOTENAI,45,Kootenai - 45,45,45,,,652,440550016
330550032,22646,KOOTENAI,KOOTENAI,67,Kootenai - 67,67,67,,,279,440550024
330550027,22545,KOOTENAI,KOOTENAI,59,Kootenai - 59,59,59,,,402,440550021
330550050,22849,KOOTENAI,KOOTENAI,63,Kootenai - 63,63,63,,,547,440550041
330550043,22861,KOOTENAI,KOOTENAI,24,Kootenai - 24,24,24,,,449,440550034
330550059,22585,KOOTENAI,KOOTENAI,36,Kootenai - 36,36,36,,,369,440550047
330550029,22631,KOOTENAI,KOOTENAI,55,Kootenai - 55,55,55,,,479,440550022
330550004,22580,KOOTENAI,KOOTENAI,56,Kootenai - 56,56,56,,,425,440550004
330550064,22865,KOOTENAI,KOOTENAI,12,Kootenai - 12,12,12,,,300,440550052
330550013,22298,KOOTENAI,KOOTENAI,50,Kootenai - 50,50,50,,,436,440550010
330550037,22811,KOOTENAI,KOOTENAI,13,Kootenai - 13,13,13,,,306,440550029
330550061,22863,KOOTENAI,KOOTENAI,11,Kootenai - 11,11,11,,,582,440550049
330550019,22454,KOOTENAI,KOOTENAI,42,Kootenai - 42,42,42,,,689,440550015
330550036,22640,KOOTENAI,KOOTENAI,14,Kootenai - 14,14,14,,,652,440550028
330550045,22635,KOOTENAI,KOOTENAI,30,Kootenai - 30,30,30,,,707,440550036
330550025,22803,KOOTENAI,KOOTENAI,48,Kootenai - 48,48,48,,,477,440550020
330550022,22318,KOOTENAI,KOOTENAI,53,Kootenai - 53,53,53,,,576,440550017
330550011,22630,KOOTENAI,KOOTENAI,46,Kootenai - 46,46,46,,,802,440550009
330550062,22475,KOOTENAI,KOOTENAI,6,Kootenai - 06,6,6,,,823,440550050
330550038,22847,KOOTENAI,KOOTENAI,15,Kootenai - 15,15,15,,,721,440550029
330550042,22460,KOOTENAI,KOOTENAI,16,Kootenai - 16,16,16,,,770,440550033
330550047,22538,KOOTENAI,KOOTENAI,23,Kootenai - 23,23,23,,,632,440550038
330550030,22643,KOOTENAI,KOOTENAI,22,Kootenai - 22,22,22,,,724,440550023
330550046,22641,KOOTENAI,KOOTENAI,25,Kootenai - 25,25,25,,,814,440550037
330550015,22299,KOOTENAI,KOOTENAI,62,Kootenai - 62,62,62,,,381,440550011
330550052,22133,KOOTENAI,KOOTENAI,34,Kootenai - 34,34,34,,,733,440550042
330550007,22109,KOOTENAI,KOOTENAI,38,Kootenai - 38,38,38,,,732,440550006
330550033,22864,KOOTENAI,KOOTENAI,70,Kootenai - 70,70,70,,,322,440550025
330550010,22621,KOOTENAI,KOOTENAI,61,Kootenai - 61,61,61,,,789,440550008
330550060,22234,KOOTENAI,KOOTENAI,26,Kootenai - 26,26,26,,,402,440550048
330550056,22858,KOOTENAI,KOOTENAI,27,Kootenai - 27,27,27,,,402,440550046
330550002,22639,KOOTENAI,KOOTENAI,4,Kootenai - 04,4,4,,,483,440550002
330550016,22633,KOOTENAI,KOOTENAI,44,Kootenai - 44,44,44,,,450,440550012
330550063,22629,KOOTENAI,KOOTENAI,9,Kootenai - 09,9,9,,,839,440550051
330550041,22141,KOOTENAI,KOOTENAI,17,Kootenai - 17,17,17,,,462,440550032
330550031,22292,KOOTENAI,KOOTENAI,41,Kootenai - 41,41,41,,,574,440550023
330550003,22588,KOOTENAI,KOOTENAI,68,Kootenai - 68,68,68,,,443,440550003
330550023,22450,KOOTENAI,KOOTENAI,39,Kootenai - 39,39,39,,,1050,440550018
330550048,22626,KOOTENAI,KOOTENAI,37,Kootenai - 37,37,37,,,457,440550039
330570003,22662,LATAH,LATAH,21GEN,Genesee 21,21GEN,21GEN,,,491,440570003
330570001,22577,LATAH,LATAH,32BOV,Bovill 32,32BOV,32BOV,,,93,440570001
330570002,22836,LATAH,LATAH,19DEA,Deary 19,19DEA,19DEA,,,421,440570002
330570018,2264,LATAH,LATAH,04MOS,Moscow 04,04MOS,04MOS,,,436,440570012
330570038,22830,LATAH,LATAH,30VIO,Viola 30,30VIO,30VIO,,,192,440570022
330570006,22673,LATAH,LATAH,24KEN,Kendrick 24,24KEN,24KEN,,,203,440570006
330570033,22676,LATAH,LATAH,31COR,Cora 31,31COR,31COR,,,116,440570017
330570020,227,LATAH,LATAH,06MOS,Moscow 06,06MOS,06MOS,,,531,440570012
330570017,2266,LATAH,LATAH,03MOS,Moscow 03,03MOS,03MOS,,,480,440570012
330570028,2297,LATAH,LATAH,17MOS,Moscow 17,17MOS,17MOS,,,498,440570012
330570015,2287,LATAH,LATAH,16MOS,Moscow 16,16MOS,16MOS,,,443,440570011
330570014,22296,LATAH,LATAH,13MOS,Moscow 13,13MOS,13MOS,,,337,440570011
330570012,2265,LATAH,LATAH,02MOS,Moscow 02,02MOS,02MOS,,,565,440570011
330570013,22399,LATAH,LATAH,08MOS,Moscow 08,08MOS,08MOS,,,139,440570011
330570026,22169,LATAH,LATAH,14MOS,Moscow 14,14MOS,14MOS,,,498,440570012
330570022,22295,LATAH,LATAH,09MOS,Moscow 09,09MOS,09MOS,,,393,440570012
330570019,22384,LATAH,LATAH,05MOS,Moscow 05,05MOS,05MOS,,,424,440570012
330570016,22175,LATAH,LATAH,18MOS,Moscow 18,18MOS,18MOS,,,447,440570011
330570027,22408,LATAH,LATAH,15MOS,Moscow 15,15MOS,15MOS,,,415,440570012
330570035,22826,LATAH,LATAH,26PAL,Palouse 26,26PAL,26PAL,,,153,440570019
330570011,22754,LATAH,LATAH,01MOS,Moscow 01,01MOS,01MOS,,,78,440570011
330570005,22601,LATAH,LATAH,23JUL,Juliaetta 23,23JUL,23JUL,,,229,440570005
330570025,22564,LATAH,LATAH,12MOS,Moscow 12,12MOS,12MOS,,,508,440570012
330570021,22226,LATAH,LATAH,07MOS,Moscow 07,07MOS,07MOS,,,601,440570012
330570036,22747,LATAH,LATAH,28PRI,Princeton 28,28PRI,28PRI,,,220,440570020
330570024,2298,LATAH,LATAH,11MOS,Moscow 11,11MOS,11MOS,,,490,440570012
330570037,2273,LATAH,LATAH,29TRO,Troy 29,29TRO,29TRO,,,634,440570021
330570023,22293,LATAH,LATAH,10MOS,Moscow 10,10MOS,10MOS,,,445,440570012
330570004,22898,LATAH,LATAH,22HAR,Harvard 22,22HAR,22HAR,,,119,440570004
330570034,22704,LATAH,LATAH,27POT,Potlatch 27,27POT,27POT,,,453,440570018
330570029,22921,LATAH,LATAH,20FAR,Farmington 20,20FAR,20FAR,,,14,440570013
330570030,22677,LATAH,LATAH,25LIN,Linden 25,25LIN,25LIN,,,40,440570014
330590007,22508,LEMHI,LEMHI,2,Depot,2,2,,,599,440590007
330590005,22515,LEMHI,LEMHI,3,Brooklyn,3,3,,,893,440590005
330590002,22509,LEMHI,LEMHI,7,Pahsimeroi,7,7,,,45,440590002
330590006,22809,LEMHI,LEMHI,6,Iron Creek,6,6,,,123,440590006
330590004,22114,LEMHI,LEMHI,1,Salmon,1,1,,,720,440590004
330590009,22719,LEMHI,LEMHI,8,Lemhi,8,8,,,153,440590009
330590001,22769,LEMHI,LEMHI,9,Junction,9,9,,,111,440590001
330590008,22917,LEMHI,LEMHI,5,Mineral Hill,5,5,,,26,440590008
330590003,22884,LEMHI,LEMHI,4,North Fork,4,4,,,185,440590003
330610008,22873,LEWIS,LEWIS,5,Winchester,5,5,,,177,440610008
330610003,22838,LEWIS,LEWIS,3,E Kamiah,3,3,,,113,440610003
330610004,22866,LEWIS,LEWIS,1,Nez Perce,1,1,,,237,440610004
330610006,22900,LEWIS,LEWIS,6,Reubens,6,6,,,25,440610006
330610002,22740,LEWIS,LEWIS,2,W Kamiah,2,2,,,343,440610002
330610001,22757,LEWIS,LEWIS,4,Craigmont,4,4,,,233,440610001
330610005,22888,LEWIS,LEWIS,7,Mohler,7,7,,,25,440610005
330610007,22920,LEWIS,LEWIS,8,Slickpoo,8,8,,,4,440610007
330630006,22723,LINCOLN,LINCOLN,3,3 Shoshone,3,3,,,228,440630005
330630001,22842,LINCOLN,LINCOLN,4,4 Richfield,4,4,,,286,440630001
330630003,22716,LINCOLN,LINCOLN,1,1 Shoshone,1,1,,,228,440630003
330630005,22845,LINCOLN,LINCOLN,6,6 Kimama,6,6,,,13,440630004
330630002,22718,LINCOLN,LINCOLN,5,5 Dietrich,5,5,,,181,440630002
330630004,22797,LINCOLN,LINCOLN,2,2 Shoshone,2,2,,,250,440630003
330650008,22217,MADISON,MADISON,16,Madison - 016,16,16,,,472,440650008
330650003,22344,MADISON,MADISON,2,Madison - 002,2,2,,,469,440650003
330650015,22602,MADISON,MADISON,12,Madison - 012,12,12,,,220,440650014
330650018,22250,MADISON,MADISON,5,Madison - 005,5,5,,,576,440650017
330650004,22463,MADISON,MADISON,13,Madison - 013,13,13,,,235,440650004
330650013,22773,MADISON,MADISON,4,Madison - 004,4,4,,,200,440650013
330650012,22387,MADISON,MADISON,11,Madison - 011,11,11,,,240,440650012
330650019,22775,MADISON,MADISON,6,Madison - 006,6,6,,,432,440650018
330650002,22373,MADISON,MADISON,19,Madison - 019,19,19,,,323,440650002
330650011,22772,MADISON,MADISON,1,Madison - 001,1,1,,,161,440650011
330650005,22372,MADISON,MADISON,14,Madison - 014,14,14,,,314,440650005
330650016,22446,MADISON,MADISON,18,Madison - 018,18,18,,,356,440650015
330650020,22777,MADISON,MADISON,17,Madison - 017,17,17,,,137,440650019
330650006,22768,MADISON,MADISON,3,Madison - 003,3,3,,,479,440650006
330650010,22374,MADISON,MADISON,15,Madison - 015,15,15,,,452,440650010
330650001,22359,MADISON,MADISON,7,Madison - 007,7,7,,,556,440650001
330650014,22386,MADISON,MADISON,10,Madison - 010,10,10,,,235,440650014
330650007,22428,MADISON,MADISON,9,Madison - 009,9,9,,,758,440650007
330650017,22486,MADISON,MADISON,8,Madison - 008,8,8,,,350,440650016
330670002,22467,MINIDOKA,MINIDOKA,2,Emerson,2,2,,,513,440670002
330670006,22765,MINIDOKA,MINIDOKA,6,Pioneer,6,6,,,443,440670006
330670004,22812,MINIDOKA,MINIDOKA,4,Heyburn #2,4,4,,,505,440670004
330670011,22427,MINIDOKA,MINIDOKA,11,Rupert #5,11,11,,,337,440670011
330670001,22715,MINIDOKA,MINIDOKA,1,Acequia,1,1,,,351,440670001
330670010,22511,MINIDOKA,MINIDOKA,10,Rupert #4,10,10,,,395,440670010
330670005,22717,MINIDOKA,MINIDOKA,5,Paul,5,5,,,455,440670005
330670007,22729,MINIDOKA,MINIDOKA,7,Rupert #1,7,7,,,345,440670007
330670008,22815,MINIDOKA,MINIDOKA,8,Rupert #2,8,8,,,412,440670008
330670009,22746,MINIDOKA,MINIDOKA,9,Rupert #3,9,9,,,272,440670009
330670003,22518,MINIDOKA,MINIDOKA,3,Heyburn #1,3,3,,,469,440670003
330690027,22875,NEZ PERCE,NEZ PERCE,25,Nez Perce - 25,25,25,,,322,440690010
330690026,22579,NEZ PERCE,NEZ PERCE,22,Nez Perce - 22,22,22,,,490,440690010
330690029,22570,NEZ PERCE,NEZ PERCE,9,Nez Perce - 09,9,9,,,521,440690011
330690006,22589,NEZ PERCE,NEZ PERCE,28,Nez Perce - 28,28,28,,,207,440690005
330690004,22877,NEZ PERCE,NEZ PERCE,32,Nez Perce - 32,32,32,,,106,440690003
330690011,22649,NEZ PERCE,NEZ PERCE,4,Nez Perce - 04,4,4,,,389,440690008
330690023,22139,NEZ PERCE,NEZ PERCE,19,Nez Perce - 19,19,19,,,451,440690010
330690003,22113,NEZ PERCE,NEZ PERCE,26,Nez Perce - 26,26,26,,,578,440690003
330690020,2284,NEZ PERCE,NEZ PERCE,16,Nez Perce - 16,16,16,,,401,440690010
330690030,22532,NEZ PERCE,NEZ PERCE,3,Nez Perce - 03,3,3,,,518,440690012
330690005,22648,NEZ PERCE,NEZ PERCE,30,Nez Perce - 30,30,30,,,98,440690004
330690001,22762,NEZ PERCE,NEZ PERCE,31,Nez Perce - 31,31,31,,,243,440690001
330690019,22445,NEZ PERCE,NEZ PERCE,15,Nez Perce - 15,15,15,,,343,440690010
330690016,22678,NEZ PERCE,NEZ PERCE,12,Nez Perce - 12,12,12,,,240,440690010
330690031,22462,NEZ PERCE,NEZ PERCE,8,Nez Perce - 08,8,8,,,510,440690013
330690032,22829,NEZ PERCE,NEZ PERCE,29,Nez Perce - 29,29,29,,,138,440690014
330690008,22118,NEZ PERCE,NEZ PERCE,2,Nez Perce - 02,2,2,,,433,440690006
330690021,22146,NEZ PERCE,NEZ PERCE,17,Nez Perce - 17,17,17,,,458,440690010
330690014,22122,NEZ PERCE,NEZ PERCE,10,Nez Perce - 10,10,10,,,311,440690010
330690015,22663,NEZ PERCE,NEZ PERCE,11,Nez Perce - 11,11,11,,,490,440690010
330690002,22650,NEZ PERCE,NEZ PERCE,27,Nez Perce - 27,27,27,,,129,440690002
330690010,22637,NEZ PERCE,NEZ PERCE,6,Nez Perce - 06,6,6,,,527,440690007
330690028,22850,NEZ PERCE,NEZ PERCE,5,Nez Perce - 05,5,5,,,328,440690011
330690018,2286,NEZ PERCE,NEZ PERCE,14,Nez Perce - 14,14,14,,,410,440690010
330690025,22591,NEZ PERCE,NEZ PERCE,21,Nez Perce - 21,21,21,,,528,440690010
330690009,22665,NEZ PERCE,NEZ PERCE,24,Nez Perce - 24,24,24,,,386,440690006
330690012,22730,NEZ PERCE,NEZ PERCE,7,Nez Perce - 07,7,7,,,313,440690008
330690013,22911,NEZ PERCE,NEZ PERCE,23,Nez Perce - 23,23,23,,,49,440690009
330690022,2270,NEZ PERCE,NEZ PERCE,18,Nez Perce - 18,18,18,,,363,440690010
330690017,22167,NEZ PERCE,NEZ PERCE,13,Nez Perce - 13,13,13,,,378,440690010
330690007,22164,NEZ PERCE,NEZ PERCE,1,Nez Perce - 01,1,1,,,414,440690006
330690024,22651,NEZ PERCE,NEZ PERCE,20,Nez Perce - 20,20,20,,,480,440690010
330710003,22907,ONEIDA,ONEIDA,6,Oneida - 006,6,6,,,37,440710003
330710006,22560,ONEIDA,ONEIDA,3,Oneida - 003,3,3,,,333,440710006
330710007,22510,ONEIDA,ONEIDA,4,Oneida - 004,4,4,,,228,440710007
330710005,22392,ONEIDA,ONEIDA,2,Oneida - 002,2,2,,,318,440710005
330710002,22908,ONEIDA,ONEIDA,5,Oneida - 005,5,5,,,60,440710002
330710004,22571,ONEIDA,ONEIDA,1,Oneida - 001,1,1,,,374,440710004
330730003,22522,OWYHEE,OWYHEE,1,N Homedale,1,1,,,433,440730003
330730012,22725,OWYHEE,OWYHEE,12,Three Creek,12,12,,,21,440730011
330730001,22801,OWYHEE,OWYHEE,10,Bruneau,10,10,,,193,440730001
330730011,22903,OWYHEE,OWYHEE,11,Riddle,11,11,,,30,440730010
330730007,22737,OWYHEE,OWYHEE,6,Wilson,6,6,,,248,440730007
330730002,22755,OWYHEE,OWYHEE,9,Grand View,9,9,,,277,440730002
330730010,22828,OWYHEE,OWYHEE,7,Murphy,7,7,,,130,440730009
330730009,22853,OWYHEE,OWYHEE,5,Pleasant Valley,5,5,,,37,440730009
330730006,22705,OWYHEE,OWYHEE,4,S Marsing,4,4,,,364,440730006
330730005,22686,OWYHEE,OWYHEE,3,N Marsing,3,3,,,362,440730005
330730004,2224,OWYHEE,OWYHEE,2,S Homedale,2,2,,,506,440730004
330730013,22790,OWYHEE,OWYHEE,8,Oreana,8,8,,,68,440730012
330750001,22507,PAYETTE,PAYETTE,5,Payette - 005,5,5,,,832,440750001
330750010,22661,PAYETTE,PAYETTE,4,Payette - 004,4,4,,,306,440750010
330750004,22654,PAYETTE,PAYETTE,10,Payette - 010,10,10,,,121,440750004
330750005,22653,PAYETTE,PAYETTE,8,Payette - 008,8,8,,,832,440750005
330750008,22241,PAYETTE,PAYETTE,2,Payette - 002,2,2,,,1003,440750008
330750003,22655,PAYETTE,PAYETTE,7,Payette - 007,7,7,,,149,440750003
330750002,22448,PAYETTE,PAYETTE,6,Payette - 006,6,6,,,682,440750002
330750006,22652,PAYETTE,PAYETTE,9,Payette - 009,9,9,,,580,440750006
330750007,22547,PAYETTE,PAYETTE,1,Payette - 001,1,1,,,527,440750007
330750009,2238,PAYETTE,PAYETTE,3,Payette - 003,3,3,,,505,440750009
330770003,22414,POWER,POWER,3,Power - 003,3,3,,,536,440770003
330770002,22321,POWER,POWER,1,Power - 001,1,1,,,367,440770002
330770006,22425,POWER,POWER,4,Power - 004,4,4,,,156,440770006
330770004,22477,POWER,POWER,5,Power - 005,5,5,,,62,440770004
330770005,22422,POWER,POWER,6,Power - 006,6,6,,,188,440770005
330770001,22149,POWER,POWER,2,Power - 002,2,2,,,478,440770001
330790003,22878,SHOSHONE,SHOSHONE,2,Shoshone - 02,2,2,,,269,440790003
330790004,22868,SHOSHONE,SHOSHONE,1,Shoshone - 01,1,1,,,98,440790004
330790008,22834,SHOSHONE,SHOSHONE,8,Shoshone - 08,8,8,,,223,440790008
330790009,22887,SHOSHONE,SHOSHONE,7,Shoshone - 07,7,7,,,55,440790009
330790002,22871,SHOSHONE,SHOSHONE,10,Shoshone - 10,10,10,,,432,440790002
330790005,22837,SHOSHONE,SHOSHONE,5,Shoshone - 05,5,5,,,571,440790005
330790011,22916,SHOSHONE,SHOSHONE,12,Shoshone - 12,12,12,,,24,440790009
330790006,22860,SHOSHONE,SHOSHONE,9,Shoshone - 09,9,9,,,667,440790006
330790012,22910,SHOSHONE,SHOSHONE,13,Shoshone - 13,13,13,,,25,440790009
330790007,22852,SHOSHONE,SHOSHONE,4,Shoshone - 04,4,4,,,187,440790007
330790001,22642,SHOSHONE,SHOSHONE,6,Shoshone - 06,6,6,,,852,440790001
330790010,22590,SHOSHONE,SHOSHONE,11,Shoshone - 11,11,11,,,55,440790009
330790013,22851,SHOSHONE,SHOSHONE,3,Shoshone - 03,3,3,,,448,440790010
330810006,22487,TETON,TETON,6,Teton - 006,6,6,,,455,440810004
330810004,22479,TETON,TETON,5,Teton - 005,5,5,,,404,440810002
330810007,22135,TETON,TETON,7,Teton - 007,7,7,,,520,440810004
330810002,22435,TETON,TETON,4,Teton - 004,4,4,,,466,440810001
330810001,22767,TETON,TETON,3,Teton - 003,3,3,,,272,440810001
330810005,22536,TETON,TETON,1,Teton - 001,1,1,,,526,440810003
330810003,22519,TETON,TETON,2,Teton - 002,2,2,,,434,440810002
330830074,22348,TWIN FALLS,TWIN FALLS,TF001,Twin Falls 01,TF001,TF001,,,617,440830019
330830029,22239,TWIN FALLS,TWIN FALLS,KI002,Kimberly 2,KI002,KI002,,,410,440830008
330830001,22712,TWIN FALLS,TWIN FALLS,DE001,Deep Creek,DE001,DE001,,,249,440830001
330830020,2289,TWIN FALLS,TWIN FALLS,MA001,Maroa,MA001,MA001,,,181,440830005
330830058,22232,TWIN FALLS,TWIN FALLS,TF010,Twin Falls 10,TF010,TF010,,,403,440830015
330830034,22352,TWIN FALLS,TWIN FALLS,KI003,Kimberly 3,KI003,KI003,,,433,440830009
330830083,22261,TWIN FALLS,TWIN FALLS,TF007,Twin Falls 07,TF007,TF007,,,538,440830022
330830071,22346,TWIN FALLS,TWIN FALLS,TF008,Twin Falls 08,TF008,TF008,,,425,440830018
330830072,22128,TWIN FALLS,TWIN FALLS,TF012,Twin Falls 12,TF012,TF012,,,490,440830018
330830048,22710,TWIN FALLS,TWIN FALLS,TF026,Twin Falls 26,TF026,TF026,,,475,440830013
330830030,22213,TWIN FALLS,TWIN FALLS,KI004,Kimberly 4,KI004,KI004,,,419,440830008
330830015,22714,TWIN FALLS,TWIN FALLS,CA001,Castleford,CA001,CA001,,,337,440830004
330830044,22492,TWIN FALLS,TWIN FALLS,TF004,Twin Falls 04,TF004,TF004,,,542,440830012
330830080,22309,TWIN FALLS,TWIN FALLS,TF021,Twin Falls 21,TF021,TF021,,,449,440830021
330830068,22361,TWIN FALLS,TWIN FALLS,TF016,Twin Falls 16,TF016,TF016,,,440,440830017
330830027,22453,TWIN FALLS,TWIN FALLS,HO001,Hollister,HO001,HO001,,,315,440830007
330830043,22124,TWIN FALLS,TWIN FALLS,TF003,Twin Falls 03,TF003,TF003,,,540,440830012
330830033,22350,TWIN FALLS,TWIN FALLS,KI001,Kimberly 1,KI001,KI001,,,405,440830009
330830078,22245,TWIN FALLS,TWIN FALLS,TF019,Twin Falls 19,TF019,TF019,,,376,440830021
330830017,22330,TWIN FALLS,TWIN FALLS,FI001,Filer 1,FI001,FI001,,,503,440830005
330830003,22107,TWIN FALLS,TWIN FALLS,BU001,Buhl 1,BU001,BU001,,,366,440830002
330830025,22340,TWIN FALLS,TWIN FALLS,HA001,Hansen,HA001,HA001,,,487,440830006
330830045,22439,TWIN FALLS,TWIN FALLS,TF013,Twin Falls 13,TF013,TF013,,,499,440830013
330830076,22347,TWIN FALLS,TWIN FALLS,TF002,Twin Falls 02,TF002,TF002,,,554,440830020
330830007,22530,TWIN FALLS,TWIN FALLS,BU003,Buhl 3,BU003,BU003,,,363,440830003
330830039,2263,TWIN FALLS,TWIN FALLS,TF022,Twin Falls 22,TF022,TF022,,,443,440830011
330830037,22657,TWIN FALLS,TWIN FALLS,MU001,Murtaugh,MU001,MU001,,,205,440830010
330830059,22402,TWIN FALLS,TWIN FALLS,TF011,Twin Falls 11,TF011,TF011,,,463,440830015
330830046,22464,TWIN FALLS,TWIN FALLS,TF014,Twin Falls 14,TF014,TF014,,,527,440830013
330830047,22420,TWIN FALLS,TWIN FALLS,TF025,Twin Falls 25,TF025,TF025,,,398,440830013
330830084,22131,TWIN FALLS,TWIN FALLS,TF009,Twin Falls 09,TF009,TF009,,,634,440830022
330830057,22130,TWIN FALLS,TWIN FALLS,TF018,Twin Falls 18,TF018,TF018,,,463,440830014
330830063,22335,TWIN FALLS,TWIN FALLS,TF005,Twin Falls 05,TF005,TF005,,,453,440830016
330830019,22499,TWIN FALLS,TWIN FALLS,FI003,Filer 3,FI003,FI003,,,441,440830005
330830004,22548,TWIN FALLS,TWIN FALLS,BU002,Buhl 2,BU002,BU002,,,453,440830002
330830040,22481,TWIN FALLS,TWIN FALLS,TF023,Twin Falls 23,TF023,TF023,,,417,440830011
330830064,22389,TWIN FALLS,TWIN FALLS,TF006,Twin Falls 06,TF006,TF006,,,407,440830016
330830079,22378,TWIN FALLS,TWIN FALLS,TF020,Twin Falls 20,TF020,TF020,,,501,440830021
330830009,22360,TWIN FALLS,TWIN FALLS,BU005,Buhl 5,BU005,BU005,,,393,440830003
330830008,22731,TWIN FALLS,TWIN FALLS,BU004,Buhl 4,BU004,BU004,,,384,440830003
330830056,22222,TWIN FALLS,TWIN FALLS,TF017,Twin Falls 17,TF017,TF017,,,505,440830014
330830067,22465,TWIN FALLS,TWIN FALLS,TF015,Twin Falls 15,TF015,TF015,,,343,440830017
330830018,22430,TWIN FALLS,TWIN FALLS,FI002,Filer 2,FI002,FI002,,,397,440830005
330830041,22244,TWIN FALLS,TWIN FALLS,TF024,Twin Falls 24,TF024,TF024,,,371,440830011
330850006,22266,VALLEY,VALLEY,4,McCall,4,4,,,1047,440850003
330850002,22703,VALLEY,VALLEY,2,Cascade,2,2,,,338,440850001
330850003,22421,VALLEY,VALLEY,7,West Mountain,7,7,,,352,440850001
330850005,2285,VALLEY,VALLEY,6,Roseberry,6,6,,,991,440850002
330850001,22282,VALLEY,VALLEY,1,Alpha,1,1,,,214,440850001
330850004,22739,VALLEY,VALLEY,3,Donnelly,3,3,,,50,440850002
330850008,22827,VALLEY,VALLEY,8,Yellow Pine,8,8,,,39,440850004
330850007,22682,VALLEY,VALLEY,5,Payette,5,5,,,501,440850003
330870003,22742,WASHINGTON,WASHINGTON,3,South Weiser,3,3,,,213,440870003
330870008,22805,WASHINGTON,WASHINGTON,9,Pioneer,9,9,,,340,440870005
330870006,22598,WASHINGTON,WASHINGTON,4,Weiser,4,4,,,316,440870005
330870002,22608,WASHINGTON,WASHINGTON,7,Midvale,7,7,,,255,440870002
330870005,22763,WASHINGTON,WASHINGTON,10,Sunnyside,10,10,,,247,440870004
330870001,22553,WASHINGTON,WASHINGTON,8,Cambridge,8,8,,,312,440870001
330870010,22214,WASHINGTON,WASHINGTON,2,West Weiser,2,2,,,262,440870006
330870004,22728,WASHINGTON,WASHINGTON,6,East Weiser,6,6,,,180,440870003
330870011,2278,WASHINGTON,WASHINGTON,11,Mineral,11,11,,,208,440870006
330870007,22186,WASHINGTON,WASHINGTON,5,Middle Weiser,5,5,,,239,440870005
330870009,22802,WASHINGTON,WASHINGTON,1,Eaton Hale,1,1,,,298,440870006
